Set,Day,OrderDay,OrderAll,Group,Individual,Date,Mobility,Explored_Surface,PrD_voca,PrD_foraging,Att_Emitted,Att_Suffered,DistDoor,NumPas,OrderEntrance,OrderEntrance4,LeaderEntrance,LeaderFC,OrderEnd,OrderEnd4,LeaderEnd,SamLead,Correct,Side,Info,Mot,MajMin
1,1,1,1,bc,2,15/07/2013,NA,NA,NA,NA,NA,NA,NA,1,1,NA,1,1,1,NA,1,1,NA,NA,1,NA,NA
1,1,1,1,bc,3,15/07/2013,NA,NA,NA,NA,NA,NA,NA,1,2,NA,0,0,2,NA,0,1,NA,NA,1,NA,NA
1,1,2,2,ae,1,15/07/2013,NA,NA,NA,NA,NA,NA,NA,1,1,NA,1,1,1,NA,1,1,NA,NA,1,NA,NA
1,1,2,2,ae,5,15/07/2013,NA,NA,NA,NA,NA,NA,NA,1,2,NA,0,0,2,NA,0,1,NA,NA,1,NA,NA
1,1,3,3,hi,8,15/07/2013,NA,NA,NA,NA,NA,NA,NA,1,1,NA,1,1,1,NA,1,1,NA,NA,1,NA,NA
1,1,3,3,hi,9,15/07/2013,NA,NA,NA,NA,NA,NA,NA,1,2,NA,0,0,2,NA,0,1,NA,NA,1,NA,NA
1,1,4,4,gj,7,15/07/2013,NA,NA,NA,NA,NA,NA,NA,1,1,NA,1,1,1,NA,1,1,NA,NA,1,NA,NA
1,1,4,4,gj,10,15/07/2013,NA,NA,NA,NA,NA,NA,NA,1,2,NA,0,0,2,NA,0,1,NA,NA,1,NA,NA
1,1,5,5,bd,2,15/07/2013,NA,NA,NA,NA,NA,NA,NA,2,1,NA,1,0,2,NA,0,1,NA,NA,1,NA,NA
1,1,5,5,bd,4,15/07/2013,NA,NA,NA,NA,NA,NA,NA,1,2,NA,0,1,1,NA,1,1,NA,NA,1,NA,NA
1,1,6,6,fi,6,15/07/2013,NA,NA,NA,NA,NA,NA,NA,1,2,NA,0,0,2,NA,0,1,NA,NA,1,NA,NA
1,1,6,6,fi,9,15/07/2013,NA,NA,NA,NA,NA,NA,NA,2,1,NA,1,1,1,NA,1,1,NA,NA,1,NA,NA
1,2,1,7,gj,7,16/07/2013,NA,NA,NA,NA,NA,NA,NA,2,1,NA,1,1,1,NA,1,1,NA,NA,1,NA,NA
1,2,1,7,gj,10,16/07/2013,NA,NA,NA,NA,NA,NA,NA,2,2,NA,0,0,2,NA,0,1,NA,NA,1,NA,NA
1,2,2,8,cd,3,16/07/2013,NA,NA,NA,NA,NA,NA,NA,2,2,NA,0,0,2,NA,0,1,NA,NA,1,NA,NA
1,2,2,8,cd,4,16/07/2013,NA,NA,NA,NA,NA,NA,NA,2,1,NA,1,1,1,NA,1,1,NA,NA,1,NA,NA
1,2,3,9,fh,6,16/07/2013,NA,NA,NA,NA,NA,NA,NA,2,1,NA,1,0,1,NA,1,0,NA,NA,1,NA,NA
1,2,3,9,fh,8,16/07/2013,NA,NA,NA,NA,NA,NA,NA,2,2,NA,0,1,2,NA,0,0,NA,NA,1,NA,NA
1,2,4,10,ae,1,16/07/2013,NA,NA,NA,NA,NA,NA,NA,2,1,NA,1,1,1,NA,1,1,NA,NA,1,NA,NA
1,2,4,10,ae,5,16/07/2013,NA,NA,NA,NA,NA,NA,NA,2,2,NA,0,0,2,NA,0,1,NA,NA,1,NA,NA
1,3,1,11,cd,3,17/07/2013,NA,NA,NA,NA,NA,NA,NA,3,1,NA,1,0,2,NA,0,1,NA,NA,1,NA,NA
1,3,1,11,cd,4,17/07/2013,NA,NA,NA,NA,NA,NA,NA,3,2,NA,0,1,1,NA,1,1,NA,NA,1,NA,NA
1,3,2,12,gj,7,17/07/2013,NA,NA,NA,NA,NA,NA,NA,3,1,NA,1,1,1,NA,1,1,NA,NA,1,NA,NA
1,3,2,12,gj,10,17/07/2013,NA,NA,NA,NA,NA,NA,NA,3,2,NA,0,0,2,NA,0,1,NA,NA,1,NA,NA
1,3,3,13,ae,1,17/07/2013,NA,NA,NA,NA,NA,NA,NA,3,1,NA,1,0,2,NA,0,1,NA,NA,1,NA,NA
1,3,3,13,ae,5,17/07/2013,NA,NA,NA,NA,NA,NA,NA,3,2,NA,0,1,1,NA,1,1,NA,NA,1,NA,NA
1,3,4,14,fi,6,17/07/2013,NA,NA,NA,NA,NA,NA,NA,3,1,NA,1,0,2,NA,0,1,NA,NA,1,NA,NA
1,3,4,14,fi,9,17/07/2013,NA,NA,NA,NA,NA,NA,NA,3,2,NA,0,1,1,NA,1,1,NA,NA,1,NA,NA
1,3,5,15,fh,6,17/07/2013,NA,NA,NA,NA,NA,NA,NA,4,2,NA,0,0,2,NA,0,1,NA,NA,1,NA,NA
1,3,5,15,fh,8,17/07/2013,NA,NA,NA,NA,NA,NA,NA,3,1,NA,1,1,1,NA,1,1,NA,NA,1,NA,NA
1,3,6,16,bd,2,17/07/2013,NA,NA,NA,NA,NA,NA,NA,3,2,NA,0,0,2,NA,0,1,NA,NA,1,NA,NA
1,3,6,16,bd,4,17/07/2013,NA,NA,NA,NA,NA,NA,NA,4,1,NA,1,1,1,NA,1,1,NA,NA,1,NA,NA
1,4,1,17,ae,1,18/07/2013,NA,NA,NA,NA,NA,NA,NA,4,1,NA,1,0,1,NA,1,0,NA,NA,1,NA,NA
1,4,1,17,ae,5,18/07/2013,NA,NA,NA,NA,NA,NA,NA,4,2,NA,0,1,2,NA,0,0,NA,NA,1,NA,NA
1,4,2,18,bc,2,18/07/2013,NA,NA,NA,NA,NA,NA,NA,4,2,NA,0,0,2,NA,0,1,NA,NA,1,NA,NA
1,4,2,18,bc,3,18/07/2013,NA,NA,NA,NA,NA,NA,NA,4,1,NA,1,1,1,NA,1,1,NA,NA,1,NA,NA
1,4,3,19,gj,7,18/07/2013,NA,NA,NA,NA,NA,NA,NA,4,1,NA,1,1,1,NA,1,1,NA,NA,1,NA,NA
1,4,3,19,gj,10,18/07/2013,NA,NA,NA,NA,NA,NA,NA,4,2,NA,0,0,2,NA,0,1,NA,NA,1,NA,NA
1,4,4,20,hi,8,18/07/2013,NA,NA,NA,NA,NA,NA,NA,4,1,NA,1,1,1,NA,1,1,NA,NA,1,NA,NA
1,4,4,20,hi,9,18/07/2013,NA,NA,NA,NA,NA,NA,NA,4,2,NA,0,0,2,NA,0,1,NA,NA,1,NA,NA
1,5,1,21,ae,1,19/07/2013,NA,NA,NA,NA,NA,NA,NA,5,1,NA,1,1,1,NA,1,1,NA,NA,1,NA,NA
1,5,1,21,ae,5,19/07/2013,NA,NA,NA,NA,NA,NA,NA,5,2,NA,0,0,2,NA,0,1,NA,NA,1,NA,NA
1,5,2,22,hi,8,19/07/2013,NA,NA,NA,NA,NA,NA,NA,5,2,NA,0,1,1,NA,1,1,NA,NA,1,NA,NA
1,5,2,22,hi,9,19/07/2013,NA,NA,NA,NA,NA,NA,NA,5,1,NA,1,0,2,NA,0,1,NA,NA,1,NA,NA
1,5,3,23,fh,6,19/07/2013,NA,NA,NA,NA,NA,NA,NA,5,1,NA,1,0,2,NA,0,1,NA,NA,1,NA,NA
1,5,3,23,fh,8,19/07/2013,NA,NA,NA,NA,NA,NA,NA,6,2,NA,0,1,1,NA,1,1,NA,NA,1,NA,NA
1,5,4,24,bd,2,19/07/2013,NA,NA,NA,NA,NA,NA,NA,5,1,NA,1,0,2,NA,0,1,NA,NA,1,NA,NA
1,5,4,24,bd,4,19/07/2013,NA,NA,NA,NA,NA,NA,NA,5,2,NA,0,1,1,NA,1,1,NA,NA,1,NA,NA
1,5,5,25,bc,2,19/07/2013,NA,NA,NA,NA,NA,NA,NA,6,1,NA,1,0,2,NA,0,1,NA,NA,1,NA,NA
1,5,5,25,bc,3,19/07/2013,NA,NA,NA,NA,NA,NA,NA,5,2,NA,0,1,1,NA,1,1,NA,NA,1,NA,NA
1,5,6,26,gj,7,19/07/2013,NA,NA,NA,NA,NA,NA,NA,5,2,NA,0,1,1,NA,1,1,NA,NA,1,NA,NA
1,5,6,26,gj,10,19/07/2013,NA,NA,NA,NA,NA,NA,NA,5,1,NA,1,0,2,NA,0,1,NA,NA,1,NA,NA
1,6,1,27,fi,6,22/07/2013,NA,NA,NA,NA,NA,NA,NA,6,1,NA,1,1,1,NA,1,1,NA,NA,1,NA,NA
1,6,1,27,fi,9,22/07/2013,NA,NA,NA,NA,NA,NA,NA,6,2,NA,0,0,2,NA,0,1,NA,NA,1,NA,NA
1,6,2,28,ae,1,22/07/2013,NA,NA,NA,NA,NA,NA,NA,6,1,NA,1,0,2,NA,0,1,NA,NA,1,NA,NA
1,6,2,28,ae,5,22/07/2013,NA,NA,NA,NA,NA,NA,NA,6,2,NA,0,1,1,NA,1,1,NA,NA,1,NA,NA
1,6,3,29,cd,3,22/07/2013,NA,NA,NA,NA,NA,NA,NA,6,1,NA,1,0,2,NA,0,1,NA,NA,1,NA,NA
1,6,3,29,cd,4,22/07/2013,NA,NA,NA,NA,NA,NA,NA,6,2,NA,0,1,1,NA,1,1,NA,NA,1,NA,NA
1,6,4,30,gj,7,22/07/2013,NA,NA,NA,NA,NA,NA,NA,6,1,NA,1,1,1,NA,1,1,NA,NA,1,NA,NA
1,6,4,30,gj,10,22/07/2013,NA,NA,NA,NA,NA,NA,NA,6,2,NA,0,0,2,NA,0,1,NA,NA,1,NA,NA
2,1,1,31,bdh,2,23/07/2013,11,5,16,0,0,5,60,7,3,NA,0,0,3,NA,0,NA,0,D,1,NA,1
2,1,1,31,bdh,4,23/07/2013,9,4,2,4,0,3,30,7,2,NA,0,0,2,NA,0,NA,0,D,1,NA,1
2,1,1,31,bdh,8,23/07/2013,9,4,0,1,8,0,10,7,1,NA,1,1,1,NA,1,NA,1,G,1,NA,0
2,1,2,32,aeg,1,23/07/2013,7,6,0,68,5,0,80,7,2,NA,0,0,2,NA,0,NA,0,D,1,NA,1
2,1,2,32,aeg,5,23/07/2013,20,8,0,81,1,1,120,7,3,NA,0,0,3,NA,0,NA,0,D,1,NA,1
2,1,2,32,aeg,7,23/07/2013,84,9,85,13,0,5,90,7,1,NA,1,1,1,NA,1,NA,1,G,1,NA,0
2,1,3,33,bcf,2,23/07/2013,5,3,0,15,0,5,10,8,3,NA,0,0,2,NA,0,NA,1,D,1,NA,1
2,1,3,33,bcf,3,23/07/2013,1,2,0,48,1,3,30,7,2,NA,0,1,1,NA,1,NA,1,D,1,NA,1
2,1,3,33,bcf,6,23/07/2013,1,2,0,21,7,0,40,7,1,NA,1,0,3,NA,0,NA,0,G,1,NA,0
2,1,4,34,cdi,3,23/07/2013,4,4,0,9,0,0,20,8,1,NA,1,1,2,NA,0,NA,1,D,1,NA,1
2,1,4,34,cdi,4,23/07/2013,3,4,0,1,0,0,40,8,2,NA,0,0,1,NA,1,NA,1,D,1,NA,1
2,1,4,34,cdi,9,23/07/2013,3,4,0,0,0,0,50,7,3,NA,0,0,3,NA,0,NA,0,G,1,NA,0
2,1,5,35,gje,5,23/07/2013,23,6,0,111,2,1,90,8,3,NA,0,0,3,NA,0,NA,0,D,1,NA,0
2,1,5,35,gje,7,23/07/2013,27,9,0,196,0,1,130,8,1,NA,1,1,1,NA,1,NA,1,G,1,NA,1
2,1,5,35,gje,10,23/07/2013,25,7,0,60,1,1,80,7,2,NA,0,0,2,NA,0,NA,1,G,1,NA,1
2,2,1,36,gja,1,24/07/2013,5,4,0,39,0,0,30,8,1,NA,1,0,3,NA,0,NA,0,D,1,NA,0
2,2,1,36,gja,7,24/07/2013,50,9,19,39,0,0,140,9,2,NA,0,1,1,NA,1,NA,1,G,1,NA,1
2,2,1,36,gja,10,24/07/2013,18,6,0,6,0,0,40,8,3,NA,0,0,2,NA,0,NA,1,G,1,NA,1
2,2,2,37,hid,4,24/07/2013,2,3,0,2,0,2,130,9,3,NA,0,0,2,NA,0,NA,0,D,1,NA,0
2,2,2,37,hid,8,24/07/2013,4,4,0,0,2,0,140,8,1,NA,1,1,1,NA,1,NA,1,G,1,NA,1
2,2,2,37,hid,9,24/07/2013,0,1,0,0,0,0,100,8,2,NA,0,0,3,NA,0,NA,1,G,1,NA,1
2,2,3,38,fib,2,24/07/2013,0,1,21,0,0,0,70,9,3,NA,0,0,3,NA,0,NA,0,D,1,NA,0
2,2,3,38,fib,6,24/07/2013,1,2,0,3,1,0,30,8,1,NA,1,0,1,NA,1,NA,1,G,1,NA,1
2,2,3,38,fib,9,24/07/2013,2,3,0,0,0,1,50,9,2,NA,0,1,2,NA,0,NA,1,G,1,NA,1
2,2,4,39,fhc,3,24/07/2013,0,1,0,0,0,0,60,9,3,NA,0,0,1,NA,1,NA,1,D,1,NA,0
2,2,4,39,fhc,6,24/07/2013,0,1,0,0,0,0,65,9,2,NA,0,0,3,NA,0,NA,0,G,1,NA,1
2,2,4,39,fhc,8,24/07/2013,0,1,0,0,0,0,90,9,1,NA,1,1,2,NA,0,NA,0,G,1,NA,1
2,2,5,40,aej,1,24/07/2013,6,5,0,191,0,2,140,9,1,NA,1,0,1,NA,1,NA,1,D,1,NA,1
2,2,5,40,aej,5,24/07/2013,7,5,0,181,3,0,100,9,2,NA,0,0,2,NA,0,NA,1,D,1,NA,1
2,2,5,40,aej,10,24/07/2013,14,5,0,48,0,1,130,9,3,NA,0,1,3,NA,0,NA,0,G,1,NA,0
2,3,1,41,hib,2,25/07/2013,6,4,0,9,0,2,70,10,3,NA,0,0,3,NA,0,NA,0,D,1,NA,0
2,3,1,41,hib,8,25/07/2013,5,4,0,22,2,0,20,10,1,NA,1,1,1,NA,1,NA,1,G,1,NA,1
2,3,1,41,hib,9,25/07/2013,4,3,0,0,0,0,40,10,2,NA,0,0,2,NA,0,NA,1,G,1,NA,1
2,3,2,42,gje,5,25/07/2013,20,9,0,198,3,0,130,10,3,NA,0,0,3,NA,0,NA,0,D,1,NA,0
2,3,2,42,gje,7,25/07/2013,38,9,11,185,0,3,110,10,1,NA,1,1,1,NA,1,NA,1,G,1,NA,1
2,3,2,42,gje,10,25/07/2013,13,7,0,107,0,0,130,10,2,NA,0,0,2,NA,0,NA,1,G,1,NA,1
2,3,3,43,bdi,2,25/07/2013,3,3,0,28,0,0,100,11,1,NA,1,0,3,NA,0,NA,1,D,1,NA,1
2,3,3,43,bdi,4,25/07/2013,2,3,0,2,0,0,105,10,3,NA,0,1,1,NA,1,NA,1,D,1,NA,1
2,3,3,43,bdi,9,25/07/2013,1,2,0,0,0,0,80,11,2,NA,0,0,2,NA,0,NA,0,G,1,NA,0
2,3,4,44,aeg,1,25/07/2013,3,4,0,190,0,0,30,10,1,NA,1,0,2,NA,0,NA,0,D,1,NA,1
2,3,4,44,aeg,5,25/07/2013,8,5,0,146,0,0,60,11,3,NA,0,0,3,NA,0,NA,0,D,1,NA,1
2,3,4,44,aeg,7,25/07/2013,25,9,36,75,0,0,20,11,2,NA,0,1,1,NA,1,NA,1,G,1,NA,0
2,3,5,45,cdf,3,25/07/2013,3,3,0,174,0,0,10,10,2,NA,0,1,1,NA,1,NA,0,D,1,NA,1
2,3,5,45,cdf,4,25/07/2013,8,5,0,163,0,0,30,11,3,NA,0,0,2,NA,0,NA,0,D,1,NA,1
2,3,5,45,cdf,6,25/07/2013,4,5,0,54,0,0,20,10,1,NA,1,0,3,NA,0,NA,1,G,1,NA,0
2,4,1,46,fic,3,30/07/2013,8,6,0,13,0,0,5,11,1,NA,1,1,1,NA,1,NA,0,D,1,NA,0
2,4,1,46,fic,6,30/07/2013,4,4,0,7,0,0,20,11,2,NA,0,0,3,NA,0,NA,1,G,1,NA,1
2,4,1,46,fic,9,30/07/2013,5,4,0,0,0,0,40,12,3,NA,0,0,2,NA,0,NA,1,G,1,NA,1
2,4,2,47,aej,1,30/07/2013,14,8,0,177,0,0,140,11,1,NA,1,1,1,NA,1,NA,1,D,1,NA,1
2,4,2,47,aej,5,30/07/2013,15,6,0,141,0,1,100,12,3,NA,0,0,2,NA,0,NA,1,D,1,NA,1
2,4,2,47,aej,10,30/07/2013,26,8,0,106,1,0,130,11,2,NA,0,0,3,NA,0,NA,0,G,1,NA,0
2,4,3,48,bch,2,30/07/2013,8,6,0,169,1,0,40,12,3,NA,0,0,3,NA,0,NA,0,D,1,NA,1
2,4,3,48,bch,3,30/07/2013,8,5,0,151,3,2,10,12,2,NA,0,0,2,NA,0,NA,0,D,1,NA,1
2,4,3,48,bch,8,30/07/2013,10,4,0,94,1,3,5,11,1,NA,1,1,1,NA,1,NA,1,G,1,NA,0
2,4,4,49,gja,1,30/07/2013,5,6,0,170,0,0,10,12,1,NA,1,0,3,NA,0,NA,0,D,1,NA,0
2,4,4,49,gja,7,30/07/2013,22,9,27,156,0,0,70,12,3,NA,0,1,1,NA,1,NA,1,G,1,NA,1
2,4,4,49,gja,10,30/07/2013,10,9,0,105,0,0,30,12,2,NA,0,0,2,NA,0,NA,1,G,1,NA,1
2,4,5,50,fhd,4,30/07/2013,6,5,0,6,2,1,5,12,3,NA,0,0,1,NA,1,NA,1,D,1,NA,0
2,4,5,50,fhd,6,30/07/2013,3,4,1,0,0,0,40,12,1,NA,1,0,3,NA,0,NA,0,G,1,NA,1
2,4,5,50,fhd,8,30/07/2013,10,5,0,17,1,2,30,12,2,NA,0,1,2,NA,0,NA,0,G,1,NA,1
2,5,1,51,cdh,3,31/07/2013,18,8,0,178,0,0,10,13,1,NA,1,0,2,NA,0,NA,0,D,1,NA,1
2,5,1,51,cdh,4,31/07/2013,15,8,0,114,0,0,20,13,3,NA,0,0,3,NA,0,NA,0,D,1,NA,1
2,5,1,51,cdh,8,31/07/2013,15,9,0,170,0,0,20,13,2,NA,0,1,1,NA,1,NA,1,G,1,NA,0
2,5,2,52,gje,5,31/07/2013,31,9,0,147,6,0,30,13,3,NA,0,0,2,NA,0,NA,0,D,1,NA,0
2,5,2,52,gje,7,31/07/2013,51,9,6,126,0,5,40,13,2,NA,0,1,1,NA,1,NA,1,G,1,NA,1
2,5,2,52,gje,10,31/07/2013,35,9,0,72,0,1,40,13,1,NA,1,0,3,NA,0,NA,1,G,1,NA,1
2,5,3,53,fid,4,31/07/2013,1,2,0,0,0,0,70,14,2,NA,0,1,1,NA,1,NA,1,D,1,NA,0
2,5,3,53,fid,6,31/07/2013,2,3,0,12,0,0,25,13,1,NA,1,0,3,NA,0,NA,0,G,1,NA,1
2,5,3,53,fid,9,31/07/2013,3,4,0,0,0,0,40,13,3,NA,0,0,2,NA,0,NA,0,G,1,NA,1
2,5,4,54,aeg,1,31/07/2013,3,4,0,12,1,0,60,13,3,NA,0,0,2,NA,0,NA,0,D,1,NA,1
2,5,4,54,aeg,5,31/07/2013,12,8,0,46,1,0,30,14,2,NA,0,0,3,NA,0,NA,0,D,1,NA,1
2,5,4,54,aeg,7,31/07/2013,36,9,52,1,0,2,70,14,1,NA,1,1,1,NA,1,NA,1,G,1,NA,0
2,5,5,55,bci,2,31/07/2013,4,3,0,57,0,0,40,13,2,NA,0,0,2,NA,0,NA,1,D,1,NA,1
2,5,5,55,bci,3,31/07/2013,6,4,0,171,0,1,40,14,3,NA,0,0,1,NA,1,NA,1,D,1,NA,1
2,5,5,55,bci,9,31/07/2013,2,3,0,9,1,0,10,14,1,NA,1,1,3,NA,0,NA,0,G,1,NA,0
2,6,1,56,bfh,2,01/08/2013,NA,NA,NA,NA,NA,NA,NA,NA,NA,NA,NA,NA,3,NA,0,NA,,,,,
2,6,1,56,bfh,6,01/08/2013,NA,NA,NA,NA,NA,NA,NA,NA,NA,NA,NA,NA,1,NA,1,NA,,,,,
2,6,1,56,bfh,8,01/08/2013,NA,NA,NA,NA,NA,NA,NA,NA,NA,NA,NA,NA,2,NA,0,NA,,,,,
2,6,2,57,aej,1,01/08/2013,NA,NA,NA,NA,NA,NA,NA,NA,NA,NA,NA,NA,1,NA,1,NA,,,,,
2,6,2,57,aej,5,01/08/2013,NA,NA,NA,NA,NA,NA,NA,NA,NA,NA,NA,NA,2,NA,0,NA,,,,,
2,6,2,57,aej,10,01/08/2013,NA,NA,NA,NA,NA,NA,NA,NA,NA,NA,NA,NA,3,NA,0,NA,,,,,
2,6,3,58,bdf,2,01/08/2013,NA,NA,NA,NA,NA,NA,NA,NA,NA,NA,NA,NA,1,NA,1,NA,,,,,
2,6,3,58,bdf,4,01/08/2013,NA,NA,NA,NA,NA,NA,NA,NA,NA,NA,NA,NA,2,NA,0,NA,,,,,
2,6,3,58,bdf,6,01/08/2013,NA,NA,NA,NA,NA,NA,NA,NA,NA,NA,NA,NA,3,NA,0,NA,,,,,
2,6,4,59,agj,1,01/08/2013,NA,NA,NA,NA,NA,NA,NA,NA,NA,NA,NA,NA,3,NA,0,NA,,,,,
2,6,4,59,agj,7,01/08/2013,NA,NA,NA,NA,NA,NA,NA,NA,NA,NA,NA,NA,1,NA,1,NA,,,,,
2,6,4,59,agj,10,01/08/2013,NA,NA,NA,NA,NA,NA,NA,NA,NA,NA,NA,NA,2,NA,0,NA,,,,,
2,6,5,60,chi,3,01/08/2013,NA,NA,NA,NA,NA,NA,NA,NA,NA,NA,NA,NA,3,NA,0,NA,,,,,
2,6,5,60,chi,8,01/08/2013,NA,NA,NA,NA,NA,NA,NA,NA,NA,NA,NA,NA,1,NA,1,NA,,,,,
2,6,5,60,chi,9,01/08/2013,NA,NA,NA,NA,NA,NA,NA,NA,NA,NA,NA,NA,2,NA,0,NA,,,,,
3,1,1,61,aef,1,02/08/2013,24,8,0,72,0,1,120,14,2,NA,0,0,2,NA,0,NA,NA,D,1,H,1
3,1,1,61,aef,5,02/08/2013,21,9,0,163,0,2,40,15,3,NA,0,1,1,NA,1,NA,NA,D,1,H,1
3,1,1,61,aef,6,02/08/2013,11,5,14,5,0,4,110,14,1,NA,1,0,3,NA,0,NA,NA,G,1,L,0
3,1,2,62,cdj,3,02/08/2013,24,7,0,101,0,2,80,15,1,NA,1,0,2,NA,0,NA,NA,D,1,L,1
3,1,2,62,cdj,4,02/08/2013,9,7,0,15,1,1,90,15,3,NA,0,0,3,NA,0,NA,NA,D,1,L,1
3,1,2,62,cdj,10,02/08/2013,4,5,0,13,3,0,20,14,2,NA,0,1,1,NA,1,NA,NA,G,1,H,0
3,1,3,63,fha,1,02/08/2013,5,3,0,124,3,0,90,15,2,NA,0,1,1,NA,1,NA,NA,D,1,H,0
3,1,3,63,fha,6,02/08/2013,12,7,0,203,0,2,140,15,3,NA,0,0,3,NA,0,NA,NA,G,1,L,1
3,1,3,63,fha,8,02/08/2013,10,6,0,25,0,0,90,14,1,NA,1,0,2,NA,0,NA,NA,G,1,L,1
3,1,4,64,gjd,4,02/08/2013,5,5,0,3,0,3,5,16,3,NA,0,0,3,NA,0,NA,NA,D,1,L,0
3,1,4,64,gjd,7,02/08/2013,24,9,0,168,0,1,10,15,1,NA,1,1,1,NA,1,NA,NA,G,1,H,1
3,1,4,64,gjd,10,02/08/2013,25,8,0,118,2,1,130,15,2,NA,0,0,2,NA,0,NA,NA,G,1,H,1
3,1,5,65,bcg,2,02/08/2013,5,5,0,3,0,3,5,16,3,NA,0,0,3,NA,0,NA,NA,D,1,L,1
3,1,5,65,bcg,3,02/08/2013,25,9,0,239,1,0,140,16,2,NA,0,0,2,NA,0,NA,NA,D,1,L,1
3,1,5,65,bcg,7,02/08/2013,14,6,0,182,0,0,50,16,1,NA,1,1,1,NA,1,NA,NA,G,1,H,0
3,1,6,66,fie,5,02/08/2013,17,9,0,141,3,0,20,16,3,NA,0,1,1,NA,1,NA,NA,D,1,H,0
3,1,6,66,fie,6,02/08/2013,6,5,0,9,0,1,90,16,2,NA,0,0,3,NA,0,NA,NA,G,1,L,1
3,1,6,66,fie,9,02/08/2013,10,7,0,93,3,0,130,15,1,NA,1,0,2,NA,0,NA,NA,G,1,L,1
3,2,1,67,bdg,2,05/08/2013,13,8,18,22,1,1,75,15,2,NA,0,0,3,NA,0,NA,NA,D,1,L,1
3,2,1,67,bdg,4,05/08/2013,6,4,0,27,1,0,70,17,3,NA,0,0,2,NA,0,NA,NA,D,1,L,1
3,2,1,67,bdg,7,05/08/2013,20,7,0,169,2,2,130,17,1,NA,1,1,1,NA,1,NA,NA,G,1,H,0
3,2,2,68,aeh,1,05/08/2013,3,4,0,0,0,0,20,16,2,NA,0,0,3,NA,0,NA,NA,D,1,H,1
3,2,2,68,aeh,5,05/08/2013,24,9,0,168,0,1,10,17,3,NA,0,0,2,NA,0,NA,NA,D,1,H,1
3,2,2,68,aeh,8,05/08/2013,16,7,0,172,2,0,80,15,1,NA,1,1,1,NA,1,NA,NA,G,1,L,0
3,2,3,69,gjb,2,05/08/2013,52,9,132,27,0,0,10,16,2,NA,0,0,3,NA,0,NA,NA,D,1,L,0
3,2,3,69,gjb,7,05/08/2013,10,9,0,176,0,1,140,18,1,NA,1,1,1,NA,1,NA,NA,G,1,H,1
3,2,3,69,gjb,10,05/08/2013,24,6,0,94,0,6,120,16,3,NA,0,0,2,NA,0,NA,NA,G,1,H,1
3,2,4,70,hia,1,05/08/2013,5,5,0,131,0,0,40,17,2,NA,0,0,2,NA,0,NA,NA,D,1,H,0
3,2,4,70,hia,8,05/08/2013,13,7,0,185,0,0,40,16,1,NA,1,1,1,NA,1,NA,NA,G,1,L,1
3,2,4,70,hia,9,05/08/2013,25,8,0,118,2,1,130,16,3,NA,0,0,3,NA,0,NA,NA,G,1,L,1
3,2,5,71,gjc,3,05/08/2013,22,8,1,182,1,0,70,17,2,NA,0,0,3,NA,0,NA,NA,D,1,L,0
3,2,5,71,gjc,7,05/08/2013,2,3,3,15,1,0,140,19,3,NA,0,1,1,NA,1,NA,NA,G,1,H,1
3,2,5,71,gjc,10,05/08/2013,6,5,0,29,1,0,140,17,1,NA,1,0,2,NA,0,NA,NA,G,1,H,1
3,2,6,72,fhe,5,05/08/2013,13,4,0,134,1,0,140,18,3,NA,0,1,2,NA,0,NA,NA,D,1,H,0
3,2,6,72,fhe,6,05/08/2013,3,3,0,33,0,1,130,17,2,NA,0,0,3,NA,0,NA,NA,G,1,L,1
3,2,6,72,fhe,8,05/08/2013,10,4,0,120,2,0,40,17,1,NA,1,0,1,NA,1,NA,NA,G,1,L,1
3,2,7,73,bcj,2,05/08/2013,39,9,20,39,1,2,130,17,3,NA,0,0,3,NA,0,NA,NA,D,1,L,1
3,2,7,73,bcj,3,05/08/2013,4,4,0,0,0,0,30,18,2,NA,0,0,2,NA,0,NA,NA,D,1,L,1
3,2,7,73,bcj,10,05/08/2013,14,6,0,86,0,0,130,18,1,NA,1,1,1,NA,1,NA,NA,G,1,H,0
3,2,8,74,aei,1,05/08/2013,6,4,0,134,0,0,80,18,3,NA,0,0,3,NA,0,NA,NA,D,1,H,1
3,2,8,74,aei,5,05/08/2013,13,10,0,97,0,0,40,19,2,NA,0,0,2,NA,0,NA,NA,D,1,H,1
3,2,8,74,aei,9,05/08/2013,13,8,0,157,0,0,40,17,1,NA,1,1,1,NA,1,NA,NA,G,1,L,0
3,3,1,75,cdg,3,06/08/2013,18,5,0,158,6,0,40,19,2,NA,0,0,2,NA,0,NA,NA,D,1,L,1
3,3,1,75,cdg,4,06/08/2013,4,4,0,15,1,1,110,18,3,NA,0,0,2,NA,0,NA,NA,D,1,L,1
3,3,1,75,cdg,7,06/08/2013,8,5,0,256,1,0,90,20,1,NA,1,1,1,NA,1,NA,NA,G,1,H,0
3,3,2,76,hie,5,06/08/2013,8,6,0,105,1,0,80,20,3,NA,0,0,3,NA,0,NA,NA,D,1,H,0
3,3,2,76,hie,8,06/08/2013,15,7,0,254,2,0,110,18,1,NA,1,1,1,NA,1,NA,NA,G,1,L,1
3,3,2,76,hie,9,06/08/2013,11,5,0,88,3,0,80,18,2,NA,0,0,2,NA,0,NA,NA,G,1,L,1
3,3,3,77,gjc,3,06/08/2013,11,6,0,120,0,0,70,20,3,NA,0,0,3,NA,0,NA,NA,D,1,L,0
3,3,3,77,gjc,7,06/08/2013,11,7,0,262,0,0,40,21,1,NA,1,1,1,NA,1,NA,NA,G,1,H,1
3,3,3,77,gjc,10,06/08/2013,5,6,0,220,1,0,20,19,2,NA,0,0,2,NA,0,NA,NA,G,1,H,1
3,3,4,78,fia,1,06/08/2013,8,5,0,159,3,1,70,19,3,NA,0,0,1,NA,1,NA,NA,D,1,H,0
3,3,4,78,fia,6,06/08/2013,8,5,0,132,0,0,100,18,1,NA,1,1,2,NA,0,NA,NA,G,1,L,1
3,3,4,78,fia,9,06/08/2013,6,4,0,9,0,1,110,19,2,NA,0,0,3,NA,0,NA,NA,G,1,L,1
3,3,5,79,bdj,2,06/08/2013,45,7,47,10,0,2,70,18,2,NA,0,0,2,NA,0,NA,NA,D,1,L,1
3,3,5,79,bdj,4,06/08/2013,5,3,0,12,0,0,100,19,3,NA,0,0,1,NA,1,NA,NA,D,1,L,1
3,3,5,79,bdj,10,06/08/2013,9,7,4,221,0,1,40,20,1,NA,1,1,3,NA,0,NA,NA,G,1,H,0
3,3,6,80,aei,1,06/08/2013,10,3,3,164,0,0,150,20,3,NA,0,0,2,NA,0,NA,NA,D,1,H,1
3,3,6,80,aei,5,06/08/2013,4,4,0,147,0,0,100,21,2,NA,0,0,1,NA,1,NA,NA,D,1,H,1
3,3,6,80,aei,9,06/08/2013,18,9,0,111,1,1,130,20,1,NA,1,1,3,NA,0,NA,NA,G,1,L,0
3,4,1,81,aef,1,07/08/2013,11,7,0,222,1,0,10,21,3,NA,0,1,1,NA,1,NA,NA,D,1,H,1
3,4,1,81,aef,5,07/08/2013,23,8,0,25,0,2,100,22,2,NA,0,0,2,NA,0,NA,NA,D,1,H,1
3,4,1,81,aef,6,07/08/2013,5,5,0,224,0,0,40,19,1,NA,1,0,3,NA,0,NA,NA,G,1,L,0
3,4,2,82,bcg,2,07/08/2013,55,9,18,46,0,5,25,19,3,NA,0,0,3,NA,0,NA,NA,D,1,L,1
3,4,2,82,bcg,3,07/08/2013,11,6,0,196,2,0,140,21,2,NA,0,0,2,NA,0,NA,NA,D,1,L,1
3,4,2,82,bcg,7,07/08/2013,2,2,0,39,1,1,150,22,1,NA,1,1,1,NA,1,NA,NA,G,1,H,0
3,4,3,83,fhe,5,07/08/2013,19,9,6,186,0,1,30,23,2,NA,0,0,1,NA,1,NA,NA,D,1,H,0
3,4,3,83,fhe,6,07/08/2013,4,4,0,159,0,0,130,20,1,NA,1,0,3,NA,0,NA,NA,G,1,L,1
3,4,3,83,fhe,8,07/08/2013,14,9,0,201,0,0,130,19,3,NA,0,1,2,NA,0,NA,NA,G,1,L,1
3,4,4,84,gjb,2,07/08/2013,30,9,29,99,0,2,40,20,1,NA,1,0,3,NA,0,NA,NA,D,1,L,0
3,4,4,84,gjb,7,07/08/2013,9,6,0,93,0,1,140,23,3,NA,0,1,1,NA,1,NA,NA,G,1,H,1
3,4,4,84,gjb,10,07/08/2013,11,5,0,248,2,2,120,21,2,NA,0,0,2,NA,0,NA,NA,G,1,H,1
3,4,5,85,aeh,1,07/08/2013,14,7,0,206,0,0,40,22,3,NA,0,0,3,NA,0,NA,NA,D,1,H,1
3,4,5,85,aeh,5,07/08/2013,17,7,0,231,0,2,50,24,2,NA,0,0,2,NA,0,NA,NA,D,1,H,1
3,4,5,85,aeh,8,07/08/2013,8,6,0,245,0,4,40,20,1,NA,1,1,1,NA,1,NA,NA,G,1,L,0
3,4,6,86,gjd,4,07/08/2013,9,6,0,88,0,0,120,20,2,NA,0,0,2,NA,0,NA,NA,D,1,L,0
3,4,6,86,gjd,7,07/08/2013,17,9,0,156,0,0,40,24,3,NA,0,1,1,NA,1,NA,NA,G,1,H,1
3,4,6,86,gjd,10,07/08/2013,11,6,0,55,1,2,120,22,1,NA,1,0,3,NA,0,NA,NA,G,1,H,1
3,4,7,87,hia,1,07/08/2013,14,6,0,44,2,0,150,23,3,NA,0,0,1,NA,1,NA,NA,D,1,H,0
3,4,7,87,hia,8,07/08/2013,4,3,0,8,0,1,70,21,1,NA,1,1,3,NA,0,NA,NA,G,1,L,1
3,4,7,87,hia,9,07/08/2013,8,7,0,234,0,1,70,21,2,NA,0,0,2,NA,0,NA,NA,G,1,L,1
3,4,8,88,bdj,2,07/08/2013,10,7,0,200,1,0,30,21,1,NA,1,1,3,NA,0,NA,NA,D,1,L,1
3,4,8,88,bdj,4,07/08/2013,6,7,0,128,0,1,10,21,3,NA,0,0,1,NA,1,NA,NA,D,1,L,1
3,4,8,88,bdj,10,07/08/2013,19,8,0,36,0,2,70,23,2,NA,0,0,2,NA,0,NA,NA,G,1,H,0
3,5,1,89,gjb,2,09/08/2013,6,6,0,228,1,0,130,22,2,NA,0,0,3,NA,0,NA,NA,D,1,L,0
3,5,1,89,gjb,7,09/08/2013,15,7,0,177,0,2,130,25,1,NA,1,1,1,NA,1,NA,NA,G,1,H,1
3,5,1,89,gjb,10,09/08/2013,11,5,0,71,0,1,100,24,3,NA,0,0,2,NA,0,NA,NA,G,1,H,1
3,5,2,90,fha,1,09/08/2013,10,6,0,164,1,0,5,24,3,NA,0,0,3,NA,0,NA,NA,D,1,H,0
3,5,2,90,fha,6,09/08/2013,3,4,0,108,0,0,80,21,1,NA,1,0,2,NA,0,NA,NA,G,1,L,1
3,5,2,90,fha,8,09/08/2013,11,5,0,199,2,0,130,22,1,NA,1,1,1,NA,1,NA,NA,G,1,L,1
3,5,3,91,cdg,3,09/08/2013,15,9,0,213,2,0,20,22,2,NA,0,0,3,NA,0,NA,NA,D,1,L,1
3,5,3,91,cdg,4,09/08/2013,12,7,0,185,1,0,80,22,3,NA,0,0,2,NA,0,NA,NA,D,1,L,1
3,5,3,91,cdg,7,09/08/2013,16,5,0,81,0,0,60,26,1,NA,1,1,1,NA,1,NA,NA,G,1,H,0
3,5,4,92,fie,5,09/08/2013,2,2,0,191,0,1,120,25,2,NA,0,1,1,NA,1,NA,NA,D,1,H,0
3,5,4,92,fie,6,09/08/2013,14,7,0,201,2,0,80,22,3,NA,0,0,3,NA,0,NA,NA,G,1,L,1
3,5,4,92,fie,9,09/08/2013,18,7,1,207,0,0,90,22,1,NA,1,0,2,NA,0,NA,NA,G,1,L,1
3,5,5,93,gjc,3,09/08/2013,9,6,0,99,2,0,50,23,3,NA,0,0,3,NA,0,NA,NA,D,1,L,0
3,5,5,93,gjc,7,09/08/2013,10,7,0,246,0,1,130,27,2,NA,0,1,1,NA,1,NA,NA,G,1,H,1
3,5,5,93,gjc,10,09/08/2013,16,9,0,212,2,0,150,25,1,NA,1,0,2,NA,0,NA,NA,G,1,H,1
3,5,6,94,aeh,1,09/08/2013,28,9,7,116,0,2,140,25,2,NA,0,0,3,NA,0,NA,NA,D,1,H,1
3,5,6,94,aeh,5,09/08/2013,6,4,5,18,3,0,150,26,3,NA,0,0,2,NA,0,NA,NA,D,1,H,1
3,5,6,94,aeh,8,09/08/2013,11,8,0,78,2,0,30,23,1,NA,1,1,1,NA,1,NA,NA,G,1,L,0
3,5,7,95,bcj,2,09/08/2013,7,4,0,12,1,2,150,23,1,NA,1,0,2,NA,0,NA,NA,D,1,L,1
3,5,7,95,bcj,3,09/08/2013,8,8,0,238,0,1,100,24,3,NA,0,0,3,NA,0,NA,NA,D,1,L,1
3,5,7,95,bcj,10,09/08/2013,12,7,0,156,2,0,90,26,2,NA,0,1,1,NA,1,NA,NA,G,1,H,0
3,5,8,96,aei,1,09/08/2013,17,7,0,90,0,2,70,26,3,NA,0,0,2,NA,0,NA,NA,D,1,H,1
3,5,8,96,aei,5,09/08/2013,9,7,0,58,0,0,40,27,1,NA,1,0,1,NA,1,NA,NA,D,1,H,1
3,5,8,96,aei,9,09/08/2013,8,4,0,209,0,0,60,23,2,NA,0,1,3,NA,0,NA,NA,G,1,L,0
3,6,1,97,cdj,3,12/08/2013,1,2,0,0,0,0,130,25,2,NA,0,0,1,NA,1,NA,NA,D,1,L,1
3,6,1,97,cdj,4,12/08/2013,10,6,0,181,0,0,130,23,2,NA,0,1,2,NA,0,NA,NA,D,1,L,1
3,6,1,97,cdj,10,12/08/2013,9,7,0,17,0,3,140,27,1,NA,1,0,3,NA,0,NA,NA,G,1,H,0
3,6,2,98,aef,1,12/08/2013,19,8,0,35,0,4,40,27,3,NA,0,0,2,NA,0,NA,NA,D,1,H,1
3,6,2,98,aef,5,12/08/2013,6,4,0,161,2,0,140,28,2,NA,0,1,1,NA,1,NA,NA,D,1,H,1
3,6,2,98,aef,6,12/08/2013,20,9,0,239,2,0,140,23,1,NA,1,0,3,NA,0,NA,NA,G,1,L,0
3,6,3,99,bdg,2,12/08/2013,42,9,15,92,0,0,140,24,2,NA,0,0,2,NA,0,NA,NA,D,1,L,1
3,6,3,99,bdg,4,12/08/2013,11,6,0,233,0,1,150,24,3,NA,0,0,3,NA,0,NA,NA,D,1,L,1
3,6,3,99,bdg,7,12/08/2013,10,9,0,173,0,4,60,28,1,NA,1,1,1,NA,1,NA,NA,G,1,H,0
3,6,4,100,hie,5,12/08/2013,4,4,0,168,2,0,140,29,2,NA,0,0,3,NA,0,NA,NA,D,1,H,0
3,6,4,100,hie,8,12/08/2013,4,3,0,116,2,0,110,24,3,NA,0,1,1,NA,1,NA,NA,G,1,L,1
3,6,4,100,hie,9,12/08/2013,11,8,0,88,2,0,125,24,1,NA,1,0,2,NA,0,NA,NA,G,1,L,1
3,6,5,101,gjd,4,12/08/2013,11,6,0,160,2,0,120,25,3,NA,0,0,3,NA,0,NA,NA,D,1,L,0
3,6,5,101,gjd,7,12/08/2013,7,7,0,185,0,1,60,29,1,NA,1,1,1,NA,1,NA,NA,G,1,H,1
3,6,5,101,gjd,10,12/08/2013,5,6,0,71,0,0,50,28,2,NA,0,0,2,NA,0,NA,NA,G,1,H,1
3,6,6,102,fia,1,12/08/2013,17,9,23,133,0,2,60,28,3,NA,0,0,2,NA,0,NA,NA,D,1,H,0
3,6,6,102,fia,6,12/08/2013,10,7,0,92,0,0,10,24,1,NA,1,0,3,NA,0,NA,NA,G,1,L,1
3,6,6,102,fia,9,12/08/2013,5,6,0,174,1,0,60,25,2,NA,0,1,1,NA,1,NA,NA,G,1,L,1
4,1,1,103,cdj,3,14/08/2013,14,6,0,1,0,7,150,26,2,2,0,0,3,2,0,NA,NA,D,1,L,1
4,1,1,103,cdj,4,14/08/2013,2,3,0,15,0,0,100,26,3,3,0,0,5,3,0,NA,NA,D,1,L,1
4,1,1,103,cdj,10,14/08/2013,9,5,0,14,0,2,120,29,1,1,1,1,1,1,1,NA,NA,G,1,H,0
4,1,1,103,cdj,20,14/08/2013,17,9,0,78,5,2,50,1,5,NA,0,0,3,NA,0,NA,NA,NA,0,NA,NA
4,1,1,103,cdj,32,14/08/2013,5,5,0,0,0,1,140,1,4,NA,0,0,2,NA,0,NA,NA,NA,0,NA,NA
4,1,2,104,fie,5,14/08/2013,5,3,0,87,0,3,140,30,4,3,0,0,3,1,0,NA,NA,D,1,H,0
4,1,2,104,fie,6,14/08/2013,11,6,0,50,1,28,140,25,3,2,0,0,4,2,0,NA,NA,G,1,L,1
4,1,2,104,fie,9,14/08/2013,11,7,0,0,3,3,50,26,1,1,1,0,5,3,0,NA,NA,G,1,L,1
4,1,2,104,fie,19,14/08/2013,NA,NA,NA,18,NA,NA,NA,1,2,NA,0,1,1,NA,1,NA,NA,NA,0,NA,NA
4,1,2,104,fie,26,14/08/2013,1,2,0,2,0,1,140,1,5,NA,0,0,2,NA,0,NA,NA,NA,0,NA,NA
4,1,3,105,gjd,4,14/08/2013,6,6,0,235,0,0,130,27,2,2,0,0,4,2,0,NA,NA,D,1,L,0
4,1,3,105,gjd,7,14/08/2013,0,1,0,11,0,0,30,30,1,1,1,1,1,1,1,NA,NA,G,1,H,1
4,1,3,105,gjd,10,14/08/2013,10,6,0,216,0,5,60,30,3,3,0,0,5,3,0,NA,NA,G,1,H,1
4,1,3,105,gjd,14,14/08/2013,10,9,0,108,1,2,60,1,4,NA,0,0,2,NA,0,NA,NA,NA,0,NA,NA
4,1,3,105,gjd,28,14/08/2013,1,2,0,0,0,0,70,1,5,NA,0,0,2,NA,0,NA,NA,NA,0,NA,NA
4,1,4,106,fha,1,14/08/2013,17,5,0,150,1,1,70,29,2,2,0,0,2,1,0,NA,NA,D,1,H,0
4,1,4,106,fha,6,14/08/2013,0,1,0,4,1,0,130,26,3,3,0,0,4,3,0,NA,NA,G,1,L,1
4,1,4,106,fha,8,14/08/2013,2,2,0,55,0,1,140,25,1,1,1,0,3,2,0,NA,NA,G,1,L,1
4,1,4,106,fha,18,14/08/2013,14,5,0,1,1,1,20,1,5,NA,0,0,5,NA,0,NA,NA,NA,0,NA,NA
4,1,4,106,fha,24,14/08/2013,13,5,0,96,0,1,120,1,4,NA,0,1,1,NA,1,NA,NA,NA,0,NA,NA
4,1,5,107,bcg,2,14/08/2013,10,6,0,0,0,7,30,25,2,2,0,0,5,3,0,NA,NA,D,1,L,1
4,1,5,107,bcg,3,14/08/2013,5,5,0,0,0,2,50,27,3,3,0,1,3,1,0,NA,NA,D,1,L,1
4,1,5,107,bcg,7,14/08/2013,3,4,0,0,0,0,90,31,1,1,1,0,4,2,0,NA,NA,G,1,H,0
4,1,5,107,bcg,15,14/08/2013,NA,NA,NA,71,NA,NA,NA,1,4,NA,0,0,2,NA,0,NA,NA,NA,0,NA,NA
4,1,5,107,bcg,25,14/08/2013,20,9,0,50,1,6,50,1,5,NA,0,0,1,NA,1,NA,NA,NA,0,NA,NA
4,1,6,108,aef,1,14/08/2013,15,6,0,147,3,3,75,30,1,1,1,0,3,1,0,NA,NA,D,1,H,1
4,1,6,108,aef,5,14/08/2013,4,3,0,0,3,0,30,31,3,3,0,0,5,3,0,NA,NA,D,1,H,1
4,1,6,108,aef,6,14/08/2013,8,8,0,0,0,1,140,27,2,2,0,0,4,2,0,NA,NA,G,1,L,0
4,1,6,108,aef,11,14/08/2013,3,4,0,15,0,2,90,1,4,NA,0,1,1,NA,1,NA,NA,NA,0,NA,NA
4,1,6,108,aef,21,14/08/2013,4,3,0,0,1,0,150,1,5,NA,0,0,2,NA,0,NA,NA,NA,0,NA,NA
4,2,1,109,hia,1,20/08/2013,8,5,0,136,2,0,80,31,1,1,1,1,1,1,1,NA,NA,D,1,H,0
4,2,1,109,hia,8,20/08/2013,1,2,0,0,0,0,110,26,3,2,0,0,4,2,0,NA,NA,G,1,L,1
4,2,1,109,hia,9,20/08/2013,8,9,0,104,0,0,140,27,5,3,0,0,5,3,0,NA,NA,G,1,L,1
4,2,1,109,hia,11,20/08/2013,7,6,0,1,0,1,150,2,2,NA,0,0,2,NA,0,NA,NA,NA,0,NA,NA
4,2,1,109,hia,32,20/08/2013,3,4,0,1,0,2,40,2,4,NA,0,0,3,NA,0,NA,NA,NA,0,NA,NA
4,2,2,110,bdg,2,20/08/2013,2,3,0,0,0,1,50,26,3,2,0,0,3,2,0,NA,NA,D,1,L,1
4,2,2,110,bdg,4,20/08/2013,5,6,0,227,1,0,30,28,4,3,0,0,4,3,0,NA,NA,D,1,L,1
4,2,2,110,bdg,7,20/08/2013,1,2,0,0,0,1,130,32,1,1,1,1,1,1,1,NA,NA,G,1,H,0
4,2,2,110,bdg,23,20/08/2013,3,4,0,0,0,3,100,1,2,NA,0,0,2,NA,0,NA,NA,NA,0,NA,NA
4,2,2,110,bdg,29,20/08/2013,29,9,0,0,4,5,50,1,5,NA,0,0,4,NA,0,NA,NA,NA,0,NA,NA
4,2,3,111,aei,1,20/08/2013,6,5,0,117,2,1,80,32,1,1,1,1,2,2,0,NA,NA,D,1,H,1
4,2,3,111,aei,5,20/08/2013,6,5,0,5,1,1,100,32,4,3,0,0,5,3,0,NA,NA,D,1,H,1
4,2,3,111,aei,9,20/08/2013,6,5,0,104,6,0,60,28,2,2,0,0,1,1,1,NA,NA,G,1,L,0
4,2,3,111,aei,20,20/08/2013,11,8,0,4,0,3,80,2,5,NA,0,0,3,NA,0,NA,NA,NA,0,NA,NA
4,2,3,111,aei,24,20/08/2013,19,8,0,196,2,1,90,2,3,NA,0,0,3,NA,0,NA,NA,NA,0,NA,NA
4,2,4,112,gjc,3,20/08/2013,0,1,0,0,0,0,60,28,2,2,0,0,2,1,0,NA,NA,D,1,L,0
4,2,4,112,gjc,7,20/08/2013,0,1,0,0,1,0,100,33,3,3,0,0,5,3,0,NA,NA,G,1,H,1
4,2,4,112,gjc,10,20/08/2013,2,2,0,74,1,1,140,31,1,1,1,0,4,2,0,NA,NA,G,1,H,1
4,2,4,112,gjc,13,20/08/2013,12,7,0,133,2,3,40,1,4,NA,0,0,3,NA,0,NA,NA,NA,0,NA,NA
4,2,4,112,gjc,31,20/08/2013,8,9,0,16,0,0,10,1,5,NA,0,1,1,NA,1,NA,NA,NA,0,NA,NA
4,2,5,113,fhe,5,20/08/2013,0,1,0,0,2,0,70,33,2,2,0,0,4,2,0,NA,NA,D,1,H,0
4,2,5,113,fhe,6,20/08/2013,21,8,0,0,1,7,70,28,4,3,0,0,5,3,0,NA,NA,G,1,L,1
4,2,5,113,fhe,8,20/08/2013,8,5,0,93,2,0,80,27,1,1,1,1,3,1,0,NA,NA,G,1,L,1
4,2,5,113,fhe,15,20/08/2013,NA,NA,NA,3,NA,NA,NA,2,2,NA,0,0,1,NA,1,NA,NA,NA,0,NA,NA
4,2,5,113,fhe,17,20/08/2013,17,8,0,229,0,1,30,1,4,NA,0,0,2,NA,0,NA,NA,NA,0,NA,NA
4,2,6,114,gjb,2,20/08/2013,0,1,0,0,0,0,50,27,2,2,0,0,5,2,0,NA,NA,D,1,L,0
4,2,6,114,gjb,7,20/08/2013,5,4,0,145,1,0,80,34,3,3,0,0,2,1,0,NA,NA,G,1,H,1
4,2,6,114,gjb,10,20/08/2013,6,4,0,224,0,1,150,32,1,1,1,0,2,1,0,NA,NA,G,1,H,1
4,2,6,114,gjb,22,20/08/2013,1,2,0,0,0,1,130,1,4,NA,0,1,1,NA,1,NA,NA,NA,0,NA,NA
4,2,6,114,gjb,30,20/08/2013,NA,NA,NA,114,NA,NA,NA,1,5,NA,0,0,4,NA,0,NA,NA,NA,0,NA,NA
4,2,7,115,aeh,1,20/08/2013,3,4,0,3,4,0,80,33,2,2,0,0,4,2,0,NA,NA,D,1,H,1
4,2,7,115,aeh,5,20/08/2013,10,7,0,0,5,0,50,34,3,3,0,0,4,2,0,NA,NA,D,1,H,1
4,2,7,115,aeh,8,20/08/2013,5,6,0,12,0,0,80,28,1,1,1,1,1,1,1,NA,NA,G,1,L,0
4,2,7,115,aeh,14,20/08/2013,14,9,0,3,0,6,30,2,5,NA,0,0,3,NA,0,NA,NA,NA,0,NA,NA
4,2,7,115,aeh,18,20/08/2013,4,4,0,9,0,3,140,2,4,NA,0,0,2,NA,0,NA,NA,NA,0,NA,NA
4,2,8,116,bcj,2,20/08/2013,9,6,0,27,0,1,100,28,2,2,0,0,1,1,1,NA,NA,D,1,L,1
4,2,8,116,bcj,3,20/08/2013,2,3,0,33,0,0,100,29,1,1,1,1,5,3,0,NA,NA,D,1,L,1
4,2,8,116,bcj,10,20/08/2013,9,8,0,235,0,2,60,33,4,3,0,0,4,2,0,NA,NA,G,1,H,0
4,2,8,116,bcj,12,20/08/2013,10,7,0,82,6,0,60,1,5,NA,0,0,3,NA,0,NA,NA,NA,0,NA,NA
4,2,8,116,bcj,16,20/08/2013,NA,NA,NA,12,NA,NA,NA,1,3,NA,0,0,2,NA,0,NA,NA,NA,0,NA,NA
4,3,1,117,bdj,2,21/08/2013,8,5,0,47,0,0,90,29,5,3,0,0,3,2,0,NA,NA,D,1,L,1
4,3,1,117,bdj,4,21/08/2013,4,5,0,0,0,1,40,29,3,1,0,0,1,1,1,NA,NA,D,1,L,1
4,3,1,117,bdj,10,21/08/2013,19,8,0,260,0,0,20,34,4,2,0,0,5,3,0,NA,NA,G,1,H,0
4,3,1,117,bdj,13,21/08/2013,4,4,0,2,0,2,80,2,1,NA,1,1,2,NA,0,NA,NA,NA,0,NA,NA
4,3,1,117,bdj,19,21/08/2013,11,6,0,8,0,4,70,2,2,NA,0,0,4,NA,0,NA,NA,NA,0,NA,NA
4,3,2,118,fia,1,21/08/2013,15,8,0,254,0,1,40,34,1,1,1,1,1,1,1,NA,NA,D,1,H,0
4,3,2,118,fia,6,21/08/2013,8,8,2,2,0,2,120,29,2,2,0,0,3,2,0,NA,NA,G,1,L,1
4,3,2,118,fia,9,21/08/2013,1,2,0,4,3,0,110,29,4,3,0,0,5,3,0,NA,NA,G,1,L,1
4,3,2,118,fia,28,21/08/2013,15,9,1,127,0,0,70,2,5,NA,0,0,4,NA,0,NA,NA,NA,0,NA,NA
4,3,2,118,fia,29,21/08/2013,7,6,0,43,1,0,140,2,3,NA,0,0,2,NA,0,NA,NA,NA,0,NA,NA
4,3,3,119,gjc,3,21/08/2013,19,9,0,30,0,2,80,30,1,1,1,0,3,1,0,NA,NA,D,1,L,0
4,3,3,119,gjc,7,21/08/2013,6,5,0,128,5,0,130,35,3,2,0,0,4,2,0,NA,NA,G,1,H,1
4,3,3,119,gjc,10,21/08/2013,8,3,0,148,3,2,50,35,5,3,0,0,5,3,0,NA,NA,G,1,H,1
4,3,3,119,gjc,22,21/08/2013,6,5,0,81,3,0,120,2,4,NA,0,0,2,NA,0,NA,NA,NA,0,NA,NA
4,3,3,119,gjc,31,21/08/2013,3,3,0,155,1,0,150,2,2,NA,0,1,1,NA,1,NA,NA,NA,0,NA,NA
4,3,4,120,hie,5,21/08/2013,8,6,0,18,7,1,20,35,4,2,0,0,2,2,0,NA,NA,D,1,H,0
4,3,4,120,hie,8,21/08/2013,9,5,0,0,2,1,150,29,1,1,1,0,1,1,1,NA,NA,G,1,L,1
4,3,4,120,hie,9,21/08/2013,9,6,0,12,2,0,120,30,5,3,0,0,4,3,0,NA,NA,G,1,L,1
4,3,4,120,hie,12,21/08/2013,21,9,0,6,3,4,120,2,2,NA,0,0,3,NA,0,NA,NA,NA,0,NA,NA
4,3,4,120,hie,26,21/08/2013,24,9,0,0,7,1,90,2,3,NA,0,1,5,NA,0,NA,NA,NA,0,NA,NA
4,3,5,121,cdg,3,21/08/2013,6,4,1,22,0,4,30,31,1,1,1,0,3,2,0,NA,NA,D,1,L,1
4,3,5,121,cdg,4,21/08/2013,0,1,0,22,0,0,75,30,2,2,0,1,1,1,1,NA,NA,D,1,L,1
4,3,5,121,cdg,7,21/08/2013,19,7,0,99,11,0,100,36,3,3,0,0,4,3,0,NA,NA,G,1,H,0
4,3,5,121,cdg,23,21/08/2013,13,8,0,128,6,1,80,2,5,NA,0,0,2,NA,0,NA,NA,NA,0,NA,NA
4,3,5,121,cdg,30,21/08/2013,3,4,0,1,2,0,120,2,4,NA,0,0,4,NA,0,NA,NA,NA,0,NA,NA
4,3,6,122,aei,1,21/08/2013,7,4,0,213,1,1,130,35,3,2,0,0,5,3,0,NA,NA,D,1,H,1
4,3,6,122,aei,5,21/08/2013,17,8,0,167,9,0,30,36,1,1,1,0,4,2,0,NA,NA,D,1,H,1
4,3,6,122,aei,9,21/08/2013,7,6,0,48,0,0,20,31,5,3,0,0,3,1,0,NA,NA,G,1,L,0
4,3,6,122,aei,17,21/08/2013,21,9,0,54,0,2,40,2,2,NA,0,1,1,NA,1,NA,NA,NA,0,NA,NA
4,3,6,122,aei,21,21/08/2013,2,5,2,0,0,0,80,2,4,NA,0,0,2,NA,0,NA,NA,NA,0,NA,NA
4,4,1,123,aeh,1,23/08/2013,14,8,0,218,1,1,100,36,2,2,0,0,1,1,1,NA,NA,D,1,H,1
4,4,1,123,aeh,5,23/08/2013,2,3,0,0,0,0,70,37,3,3,0,0,5,3,0,NA,NA,D,1,H,1
4,4,1,123,aeh,8,23/08/2013,5,5,0,240,0,0,120,30,1,1,1,1,3,2,0,NA,NA,G,1,L,0
4,4,1,123,aeh,11,23/08/2013,5,3,0,0,0,3,60,3,4,NA,0,0,4,NA,0,NA,NA,NA,0,NA,NA
4,4,1,123,aeh,20,23/08/2013,16,5,0,95,0,9,140,3,5,NA,0,0,2,NA,0,NA,NA,NA,0,NA,NA
4,4,2,124,bdj,2,23/08/2013,2,3,0,0,0,0,150,30,2,2,0,0,5,3,0,NA,NA,D,1,L,1
4,4,2,124,bdj,4,23/08/2013,14,5,0,59,0,8,110,31,1,1,1,0,4,2,0,NA,NA,D,1,L,1
4,4,2,124,bdj,10,23/08/2013,8,6,0,102,2,0,70,36,4,3,0,1,1,1,1,NA,NA,G,1,H,0
4,4,2,124,bdj,12,23/08/2013,4,4,0,60,0,2,40,3,5,NA,0,0,3,NA,0,NA,NA,NA,0,NA,NA
4,4,2,124,bdj,18,23/08/2013,11,6,0,33,0,6,10,3,2,NA,0,0,2,NA,0,NA,NA,NA,0,NA,NA
4,4,3,125,hia,1,23/08/2013,18,8,0,218,8,0,150,37,5,3,0,0,5,3,0,NA,NA,D,1,H,0
4,4,3,125,hia,8,23/08/2013,12,7,0,209,0,0,90,31,3,1,0,0,3,2,0,NA,NA,G,1,L,1
4,4,3,125,hia,9,23/08/2013,7,4,0,168,1,1,40,32,4,2,0,0,2,1,0,NA,NA,G,1,L,1
4,4,3,125,hia,15,23/08/2013,4,4,0,93,0,1,140,3,1,NA,1,1,1,NA,1,NA,NA,NA,0,NA,NA
4,4,3,125,hia,31,23/08/2013,5,5,0,0,2,2,120,3,2,NA,0,0,4,NA,0,NA,NA,NA,0,NA,NA
4,4,4,126,gjd,4,23/08/2013,4,4,0,111,1,0,130,32,1,1,1,1,1,1,1,NA,NA,D,1,L,0
4,4,4,126,gjd,7,23/08/2013,5,4,0,151,0,0,130,37,3,3,0,0,4,2,0,NA,NA,G,1,H,1
4,4,4,126,gjd,10,23/08/2013,0,1,0,70,1,0,130,37,2,2,0,0,5,3,0,NA,NA,G,1,H,1
4,4,4,126,gjd,14,23/08/2013,2,3,0,2,0,0,100,3,3,NA,0,0,3,NA,0,NA,NA,NA,0,NA,NA
4,4,4,126,gjd,30,23/08/2013,13,6,0,2,0,1,60,3,5,NA,0,0,2,NA,0,NA,NA,NA,0,NA,NA
4,4,5,127,fhe,5,23/08/2013,12,8,0,161,0,0,60,38,5,3,0,0,1,1,1,NA,NA,D,1,H,0
4,4,5,127,fhe,6,23/08/2013,11,7,0,0,0,5,80,30,2,2,0,0,5,3,0,NA,NA,G,1,L,1
4,4,5,127,fhe,8,23/08/2013,18,7,0,160,0,0,80,32,1,1,1,0,3,2,0,NA,NA,G,1,L,1
4,4,5,127,fhe,19,23/08/2013,10,7,0,4,0,5,80,3,4,NA,0,0,3,NA,0,NA,NA,NA,0,NA,NA
4,4,5,127,fhe,21,23/08/2013,9,6,0,42,0,0,140,3,3,NA,0,1,2,NA,0,NA,NA,NA,0,NA,NA
4,4,6,128,gjb,2,23/08/2013,9,5,0,91,6,0,130,31,5,3,0,0,3,1,0,NA,NA,D,1,L,0
4,4,6,128,gjb,7,23/08/2013,1,2,0,0,1,0,90,38,1,1,1,0,4,2,0,NA,NA,G,1,H,1
4,4,6,128,gjb,10,23/08/2013,19,8,0,261,2,0,70,38,2,2,0,0,5,3,0,NA,NA,G,1,H,1
4,4,6,128,gjb,26,23/08/2013,10,7,0,23,0,3,20,3,3,NA,0,1,1,NA,1,NA,NA,NA,0,NA,NA
4,4,6,128,gjb,29,23/08/2013,3,3,0,69,0,0,110,3,4,NA,0,0,2,NA,0,NA,NA,NA,0,NA,NA
4,4,7,129,aef,1,23/08/2013,1,2,0,74,1,0,80,38,5,3,0,1,3,3,0,NA,NA,D,1,H,1
4,4,7,129,aef,5,23/08/2013,2,3,0,21,0,0,130,39,3,1,0,0,2,2,0,NA,NA,D,1,H,1
4,4,7,129,aef,6,23/08/2013,2,3,0,0,0,1,70,31,4,2,0,0,1,1,1,NA,NA,G,1,L,0
4,4,7,129,aef,13,23/08/2013,10,9,0,19,0,4,110,3,1,NA,1,0,5,NA,0,NA,NA,NA,0,NA,NA
4,4,7,129,aef,32,23/08/2013,3,3,22,88,0,1,90,3,2,NA,0,0,4,NA,0,NA,NA,NA,0,NA,NA
4,4,8,130,bcg,2,23/08/2013,7,4,0,2,4,1,100,32,2,2,0,0,5,3,0,NA,NA,D,1,L,1
4,4,8,130,bcg,3,23/08/2013,7,5,0,76,5,1,50,32,4,3,0,0,4,2,0,NA,NA,D,1,L,1
4,4,8,130,bcg,7,23/08/2013,3,4,0,0,1,1,80,39,1,1,1,1,1,1,1,NA,NA,G,1,H,0
4,4,8,130,bcg,16,23/08/2013,17,4,0,93,0,0,30,2,5,NA,0,0,2,NA,0,NA,NA,NA,0,NA,NA
4,4,8,130,bcg,25,23/08/2013,3,4,0,0,1,0,100,2,3,NA,0,0,3,NA,0,NA,NA,NA,0,NA,NA
4,5,1,131,aef,1,26/08/2013,10,6,0,223,0,1,30,39,1,1,1,0,2,2,0,NA,NA,D,1,H,1
4,5,1,131,aef,5,26/08/2013,3,3,0,96,2,0,150,40,4,2,0,0,1,1,1,NA,NA,D,1,H,1
4,5,1,131,aef,6,26/08/2013,8,5,0,48,6,1,110,32,5,3,0,0,3,3,0,NA,NA,G,1,L,0
4,5,1,131,aef,16,26/08/2013,17,6,0,0,0,8,90,3,3,NA,0,1,4,NA,0,NA,NA,NA,0,NA,NA
4,5,1,131,aef,19,26/08/2013,5,5,0,113,3,0,10,4,2,NA,0,0,5,NA,0,NA,NA,NA,0,NA,NA
4,5,2,132,cdj,3,26/08/2013,17,6,0,0,5,0,100,33,3,2,0,1,3,2,0,NA,NA,D,1,L,1
4,5,2,132,cdj,4,26/08/2013,17,7,0,210,1,0,100,33,4,3,0,0,2,1,0,NA,NA,D,1,L,1
4,5,2,132,cdj,10,26/08/2013,1,2,0,12,0,0,140,39,1,1,1,0,4,3,0,NA,NA,G,1,H,0
4,5,2,132,cdj,12,26/08/2013,5,5,0,192,3,0,30,4,1,NA,1,0,5,NA,0,NA,NA,NA,0,NA,NA
4,5,2,132,cdj,28,26/08/2013,12,6,0,89,0,2,150,3,5,NA,0,0,1,NA,1,NA,NA,NA,0,NA,NA
4,5,3,133,hie,5,26/08/2013,4,4,0,27,0,0,140,41,3,3,0,0,3,3,0,NA,NA,D,1,H,0
4,5,3,133,hie,8,26/08/2013,3,4,5,195,0,0,30,33,2,2,0,0,2,2,0,NA,NA,G,1,L,1
4,5,3,133,hie,9,26/08/2013,17,7,0,95,0,6,60,33,1,1,1,0,1,1,1,NA,NA,G,1,L,1
4,5,3,133,hie,17,26/08/2013,16,9,0,8,1,2,120,3,4,NA,0,1,4,NA,0,NA,NA,NA,0,NA,NA
4,5,3,133,hie,25,26/08/2013,4,3,0,1,0,2,60,3,5,NA,0,0,5,NA,0,NA,NA,NA,0,NA,NA
4,5,4,134,gjd,4,26/08/2013,14,7,0,165,0,1,80,34,1,1,1,0,4,2,0,NA,NA,D,1,L,0
4,5,4,134,gjd,7,26/08/2013,9,6,0,272,0,1,90,40,5,3,0,0,3,1,0,NA,NA,G,1,H,1
4,5,4,134,gjd,10,26/08/2013,11,6,0,141,6,2,80,40,2,2,0,0,5,3,0,NA,NA,G,1,H,1
4,5,4,134,gjd,13,26/08/2013,19,8,0,104,1,1,150,4,4,NA,0,0,2,NA,0,NA,NA,NA,0,NA,NA
4,5,4,134,gjd,23,26/08/2013,9,4,0,1,0,8,90,3,2,NA,0,1,1,NA,1,NA,NA,NA,0,NA,NA
4,5,5,135,fia,1,26/08/2013,9,7,0,144,1,1,140,40,1,1,1,1,1,1,1,NA,NA,D,1,H,0
4,5,5,135,fia,6,26/08/2013,1,2,0,0,0,0,70,33,5,3,0,0,5,3,0,NA,NA,G,1,L,1
4,5,5,135,fia,9,26/08/2013,3,4,0,57,0,1,140,34,2,2,0,0,3,2,0,NA,NA,G,1,L,1
4,5,5,135,fia,14,26/08/2013,11,6,0,125,11,1,120,4,3,NA,0,0,2,NA,0,NA,NA,NA,0,NA,NA
4,5,5,135,fia,24,26/08/2013,1,2,0,0,2,0,140,3,4,NA,0,0,4,NA,0,NA,NA,NA,0,NA,NA
4,5,6,136,bdg,2,26/08/2013,12,5,0,119,12,0,120,33,2,2,0,0,1,1,1,NA,NA,D,1,L,1
4,5,6,136,bdg,4,26/08/2013,8,8,0,160,0,1,110,35,1,1,1,0,2,2,0,NA,NA,D,1,L,1
4,5,6,136,bdg,7,26/08/2013,9,8,0,171,0,3,120,41,5,3,0,0,3,3,0,NA,NA,G,1,H,0
4,5,6,136,bdg,22,26/08/2013,1,2,0,0,2,1,150,3,3,NA,0,1,5,NA,0,NA,NA,NA,0,NA,NA
4,5,6,136,bdg,29,26/08/2013,15,7,0,0,0,8,70,4,4,NA,0,0,4,NA,0,NA,NA,NA,0,NA,NA
4,6,1,137,cdg,3,27/08/2013,4,4,0,0,1,0,70,34,1,1,1,0,4,2,0,NA,NA,D,1,L,1
4,6,1,137,cdg,4,27/08/2013,1,2,0,91,1,0,100,36,2,2,0,0,3,1,0,NA,NA,D,1,L,1
4,6,1,137,cdg,7,27/08/2013,8,7,0,163,0,0,10,42,4,3,0,0,5,3,0,NA,NA,G,1,H,0
4,6,1,137,cdg,22,27/08/2013,2,3,0,0,0,0,20,4,3,NA,0,1,1,NA,1,NA,NA,NA,0,NA,NA
4,6,1,137,cdg,25,27/08/2013,33,9,0,8,0,8,130,4,5,NA,0,0,2,NA,0,NA,NA,NA,0,NA,NA
4,6,2,138,aeh,1,27/08/2013,8,7,0,214,2,0,70,41,5,3,0,0,5,3,0,NA,NA,D,1,H,1
4,6,2,138,aeh,5,27/08/2013,8,5,0,159,1,1,100,42,4,2,0,0,2,1,0,NA,NA,D,1,H,1
4,6,2,138,aeh,8,27/08/2013,2,3,0,0,0,0,30,34,1,1,1,0,4,2,0,NA,NA,G,1,L,0
4,6,2,138,aeh,11,27/08/2013,5,5,0,29,0,0,100,4,2,NA,0,1,2,NA,0,NA,NA,NA,0,NA,NA
4,6,2,138,aeh,18,27/08/2013,10,6,0,61,7,4,60,4,3,NA,0,0,1,NA,1,NA,NA,NA,0,NA,NA
4,6,3,139,gjb,2,27/08/2013,8,8,0,205,2,1,140,34,4,3,0,0,3,2,0,NA,NA,D,1,L,0
4,6,3,139,gjb,7,27/08/2013,5,4,0,169,0,1,80,43,3,2,0,0,2,1,0,NA,NA,G,1,H,1
4,6,3,139,gjb,10,27/08/2013,8,6,0,188,2,0,70,41,1,1,1,0,3,2,0,NA,NA,G,1,H,1
4,6,3,139,gjb,23,27/08/2013,7,4,0,31,0,1,110,4,2,NA,0,1,1,NA,1,NA,NA,NA,0,NA,NA
4,6,3,139,gjb,28,27/08/2013,32,8,0,60,3,7,20,4,5,NA,0,0,5,NA,0,NA,NA,NA,0,NA,NA
4,6,4,140,fie,5,27/08/2013,7,5,0,171,1,0,100,43,2,2,0,0,2,2,0,NA,NA,D,1,H,0
4,6,4,140,fie,6,27/08/2013,8,6,0,69,2,1,40,34,1,1,1,0,1,1,1,NA,NA,G,1,L,1
4,6,4,140,fie,9,27/08/2013,6,5,0,165,0,0,140,35,3,3,0,1,3,3,0,NA,NA,G,1,L,1
4,6,4,140,fie,21,27/08/2013,8,6,0,40,0,1,40,4,5,NA,0,0,4,NA,0,NA,NA,NA,0,NA,NA
4,6,4,140,fie,31,27/08/2013,18,7,0,16,0,8,80,4,4,NA,0,0,4,NA,0,NA,NA,NA,0,NA,NA
4,6,5,141,bcj,2,27/08/2013,16,7,0,52,7,1,70,35,5,3,0,1,2,2,0,NA,NA,D,1,L,1
4,6,5,141,bcj,3,27/08/2013,12,6,0,97,3,1,120,35,1,1,1,0,1,1,1,NA,NA,D,1,L,1
4,6,5,141,bcj,10,27/08/2013,14,7,0,163,5,0,30,42,4,2,0,0,3,3,0,NA,NA,G,1,H,0
4,6,5,141,bcj,16,27/08/2013,15,9,4,137,0,0,20,4,3,NA,0,0,4,NA,0,NA,NA,NA,0,NA,NA
4,6,5,141,bcj,24,27/08/2013,5,5,0,0,0,1,20,4,2,NA,0,0,4,NA,0,NA,NA,NA,0,NA,NA
4,6,6,142,fha,1,27/08/2013,5,4,0,254,3,0,120,42,5,3,0,0,5,3,0,NA,NA,D,1,H,0
4,6,6,142,fha,6,27/08/2013,4,4,0,7,6,1,50,35,4,2,0,0,3,2,0,NA,NA,G,1,L,1
4,6,6,142,fha,8,27/08/2013,0,1,0,0,0,0,70,35,2,1,0,0,1,1,1,NA,NA,G,1,L,1
4,6,6,142,fha,15,27/08/2013,6,3,0,0,1,2,130,4,1,NA,1,1,3,NA,0,NA,NA,NA,0,NA,NA
4,6,6,142,fha,20,27/08/2013,8,8,0,48,1,1,40,4,3,NA,0,0,2,NA,0,NA,NA,NA,0,NA,NA
4,6,7,143,gjc,3,27/08/2013,8,6,0,43,8,0,130,36,1,1,1,0,3,1,0,NA,NA,D,1,L,0
4,6,7,143,gjc,7,27/08/2013,0,1,0,126,0,0,80,44,2,2,0,0,5,3,0,NA,NA,G,1,H,1
4,6,7,143,gjc,10,27/08/2013,0,1,0,244,0,0,110,43,3,3,0,0,4,2,0,NA,NA,G,1,H,1
4,6,7,143,gjc,17,27/08/2013,0,1,0,0,0,0,30,4,4,NA,0,0,2,NA,0,NA,NA,NA,0,NA,NA
4,6,7,143,gjc,26,27/08/2013,17,8,0,5,0,4,110,4,5,NA,0,1,1,NA,1,NA,NA,NA,0,NA,NA
4,6,8,144,aei,1,27/08/2013,1,2,0,168,0,0,140,43,4,2,0,0,1,1,1,NA,NA,D,1,H,1
4,6,8,144,aei,5,27/08/2013,8,6,0,230,0,1,130,44,1,1,1,1,2,2,0,NA,NA,D,1,H,1
4,6,8,144,aei,9,27/08/2013,9,5,0,215,1,0,70,36,5,3,0,0,4,3,0,NA,NA,G,1,L,0
4,6,8,144,aei,30,27/08/2013,7,7,0,0,0,1,120,4,2,NA,0,0,4,NA,0,NA,NA,NA,0,NA,NA
4,6,8,144,aei,32,27/08/2013,7,4,0,2,0,1,70,4,3,NA,0,0,3,NA,0,NA,NA,NA,0,NA,NA
